slug,name,region,latitude,longitude,break_type,orientation_deg
cave,Cave,Lisbon,38.9944558,-9.424889,,244.9
crazy-left,Crazy Left,Lisbon,38.9966553,-9.4260602,,282.6
praia-do-matadouro,Praia do Matadouro,Lisbon,38.9755499,-9.4204061,,271.6
praia-do-lagoal,Praia do Lagoal,Lisbon,38.6982239,-9.2792914,,186.6
praia-do-tamariz,Praia do Tamariz,Lisbon,38.7026739,-9.4000209,,203.1
praia-da-cresmina,Praia da Cresmina,Lisbon,38.7252003,-9.4763982,,279.2
praia-do-dragao-vermelho,Praia do Dragão Vermelho,Lisbon,38.6397208,-9.23727,,240.0
praia-do-paraiso,Praia do Paraíso,Lisbon,38.6418015,-9.2388036,,239.0
praia-nova,Praia Nova,Lisbon,38.6375692,-9.2354981,,
prainha-do-porto-brandao,Prainha do Porto Brandão,Lisbon,38.6772654,-9.2072715,,348.9
praia-de-sao-lourenco,Praia de São Lourenço,Lisbon,39.0118239,-9.4214653,,275.1
praia-dos-coxos,Praia dos Coxos,Lisbon,39.0042429,-9.4254665,,334.3
praia-ribeira-d-ilhas,Praia Ribeira d' Ilhas,Lisbon,38.9877441,-9.4192466,,244.3
praia-da-parede,Praia da Parede,Lisbon,38.6855906,-9.3539299,,195.6
praia-da-calada,Praia da Calada,Lisbon,39.0328411,-9.4184306,,274.5
praia-da-cruz-quebrada,Praia da Cruz Quebrada,Lisbon,38.6992208,-9.252013,,190.2
praia-do-dafundo,Praia do Dafundo,Lisbon,38.697473,-9.238085,,205.1
praia-do-forte,Praia do Forte,Lisbon,38.6979294,-9.2755119,,179.7
praia-de-caxias,Praia de Caxias,Lisbon,38.6982819,-9.2739983,,172.7
giribita,Giribita,Lisbon,38.697028,-9.2843206,,166.7
praia-da-laje,Praia da Laje,Lisbon,38.6834317,-9.3141543,,124.1
praia-de-paco-de-arcos,Praia de Paço de Arcos,Lisbon,38.6904448,-9.2968356,,153.7
praia-velha,Praia Velha,Lisbon,38.6930465,-9.2915902,,57.7
praia-de-santa-marta,Praia de Santa Marta,Lisbon,38.6918486,-9.4219572,,149.3
praia-de-sao-pedro-do-estoril,Praia de São Pedro do Estoril,Lisbon,38.6932164,-9.3695827,,208.4
praia-da-adraga,Praia da Adraga,Lisbon,38.8036526,-9.484971,,305.5
praia-do-guincho,Praia do Guincho,Lisbon,38.7331808,-9.4731771,,289.5
praia-da-ursa,Praia da Ursa,Lisbon,38.790524,-9.4925423,,287.0
praia-da-ribeira,Praia da Ribeira,Lisbon,38.696699,-9.4196331,,115.9
praia-de-carcavelos,Praia de Carcavelos,Lisbon,38.6792487,-9.3360632,,205.2
praia-do-moinho,Praia do Moinho,Lisbon,38.6762874,-9.3273719,,270.0
praia-de-santo-amaro,Praia de Santo Amaro,Lisbon,38.684489,-9.3096457,,
praia-da-morena,Praia da Morena,Lisbon,38.6032562,-9.210818,,249.2
praia-da-baforeira,Praia da Baforeira,Lisbon,38.6921029,-9.3661355,,207.1
praia-das-avencas,Praia das Avencas,Lisbon,38.6891743,-9.3619187,,214.1
praia-do-cds,Praia do CDS,Lisbon,38.6448477,-9.2419782,,246.7
praia-da-mata,Praia da Mata,Lisbon,38.6255047,-9.224666,,234.4
praia-do-albatroz,Praia do Albatroz,Lisbon,38.663882,-9.2579671,,300.2
nova-praia,Nova Praia,Lisbon,38.6340338,-9.2318537,,237.2
praia-da-cova-do-vapor,Praia da Cova do Vapor,Lisbon,38.6617399,-9.2587168,,126.2
praia-de-sao-joao,Praia de São João,Lisbon,38.6564579,-9.2519106,,
praia-do-norte,Praia do Norte,Lisbon,38.6500833,-9.2456069,,242.0
praia-de-santo-antonio-da-caparica,Praia de Santo António da Caparica,Lisbon,38.6474652,-9.2438059,,239.7
praia-do-bico-da-calha,Praia do Bico da Calha,Lisbon,38.6662286,-9.2496248,,306.4
praia-do-tarquinio,Praia do Tarquínio,Lisbon,38.6431641,-9.2403167,,224.2
praia-cabana-do-pescador,Praia Cabana do Pescador,Lisbon,38.6100343,-9.2143615,,245.2
praia-da-cornelia,Praia da Cornélia,Lisbon,38.6277287,-9.2265732,,243.2
praia-da-sereia,Praia da Sereia,Lisbon,38.6013795,-9.2100001,,254.8
praia-do-rei,Praia do Rei,Lisbon,38.6064408,-9.2124173,,
praia-da-saude,Praia da Saúde,Lisbon,38.6301591,-9.2283484,,
praia-da-rainha,Praia da Rainha,Lisbon,38.6163861,-9.218217,,235.7
praia-da-riviera,Praia da Riviera,Lisbon,38.6194945,-9.2202636,,
praia-do-castelo,Praia do Castelo,Lisbon,38.613182,-9.2163429,,245.1
praia-do-infante,Praia do Infante,Lisbon,38.6001875,-9.2094507,,252.8
praia-do-portinho-da-costa,Praia do Portinho da Costa,Lisbon,38.6751839,-9.2201541,,359.2
praia-do-abano,Praia do Abano,Lisbon,38.7414894,-9.4725328,,317.2
praia-do-giribeto,Praia do Giribeto,Lisbon,38.8745177,-9.4445585,,294.4
praia-das-fontainhas,Praia das Fontaínhas,Lisbon,38.6871264,-9.3015415,,132.0
praia-do-segundo-torrao,Praia do Segundo Torrão,Lisbon,38.6714393,-9.2430065,,291.7
praia-da-torre,Praia da Torre,Lisbon,38.6752611,-9.3226849,,154.3
praia-da-conceicao,Praia da Conceição,Lisbon,38.7000816,-9.4164702,,144.6
praia-da-duquesa,Praia da Duquesa,Lisbon,38.7006685,-9.4148278,,166.5
praia-do-cavalo,Praia do Cavalo,Lisbon,38.8016719,-9.486613,,316.0
praia-da-aroeira,Praia da Aroeira,Lisbon,38.7861553,-9.4958099,,274.5
praia-da-assentiz,Praia da Assentiz,Lisbon,38.7754959,-9.4937123,,248.9
praia-do-caneiro,Praia do Caneiro,Lisbon,38.7953977,-9.4897184,,295.4
praia-do-lourical,Praia do Louriçal,Lisbon,38.7767178,-9.4970025,,200.9
praia-de-alibaba,Praia de Alibabá,Lisbon,38.9844319,-9.4193805,,307.2
pedra-branca,Pedra Branca,Lisbon,38.9786633,-9.4217517,,238.1
praia-da-orelheira,Praia da Orelheira,Lisbon,38.9808188,-9.4218711,,278.4
praia-do-sul,Praia do Sul,Lisbon,38.9548811,-9.4165082,,285.6
praia-do-porto-do-touro,Praia do Porto do Touro,Lisbon,38.7579249,-9.482216,,238.2
praia-de-alges,Praia de Algés,Lisbon,38.6957199,-9.2309984,,195.9
praia-das-macas,Praia das Maçãs,Lisbon,38.8249143,-9.4699155,,312.6
praia-da-arriba,Praia da Arriba,Lisbon,38.7201095,-9.4791295,,289.3
praia-da-grota,Praia da Grota,Lisbon,38.7498918,-9.4714728,,251.5
praia-da-foz-do-lizandro,Praia da Foz do Lizandro,Lisbon,38.9419992,-9.4136284,,
praia-grande-do-rodizio,Praia Grande do Rodízio,Lisbon,38.8130674,-9.4785455,,291.2
praia-pequena-do-rodizio,Praia Pequena do Rodízio,Lisbon,38.8196114,-9.4744653,,301.6
praia-do-magoito,Praia do Magoito,Lisbon,38.860534,-9.4509305,,290.1
praia-da-aguda,Praia da Aguda,Lisbon,38.8519484,-9.4556881,,289.1
praia-da-samarra,Praia da Samarra,Lisbon,38.896793,-9.4349532,,321.9
praia-da-vigia,Praia da Vigia,Lisbon,38.9191457,-9.426392,,287.9
praia-de-sao-juliao,Praia de São Julião,Lisbon,38.9295132,-9.4210038,,293.0
praia-da-empa,Praia da Empa,Lisbon,38.9796907,-9.4223077,,269.6
praia-dos-tombadoiros,Praia dos Tombadoiros,Lisbon,38.9792334,-9.4223326,,257.3
praia-de-sao-sebastiao,Praia de São Sebastião,Lisbon,38.9726717,-9.4203971,,271.3
praia-dos-pescadores,Praia dos Pescadores,Lisbon,38.9643167,-9.4190212,,242.6
praia-do-cavalinho,Praia do Cavalinho,Lisbon,38.9928731,-9.4239159,,244.8
praia-das-moitas,Praia das Moitas,Lisbon,38.7014903,-9.4120089,,150.6
praia-da-poca,Praia da Poça,Lisbon,38.701766,-9.3916409,,208.6
praia-da-azarujinha,Praia da Azarujinha,Lisbon,38.7006014,-9.3892406,,227.6
